--
-- PostgreSQL database dump
--

-- Dumped from database version 17.0
-- Dumped by pg_dump version 17.0

-- Started on 2024-11-17 22:50:34

SET statement_timeout = 0;
SET lock_timeout = 0;
SET idle_in_transaction_session_timeout = 0;
SET transaction_timeout = 0;
SET client_encoding = 'UTF8';
SET standard_conforming_strings = on;
SELECT pg_catalog.set_config('search_path', '', false);
SET check_function_bodies = false;
SET xmloption = content;
SET client_min_messages = warning;
SET row_security = off;

--
-- TOC entry 5 (class 2615 OID 19845)
-- Name: public; Type: SCHEMA; Schema: -; Owner: postgres
--

-- *not* creating schema, since initdb creates it


ALTER SCHEMA public OWNER TO postgres;

--
-- TOC entry 4980 (class 0 OID 0)
-- Dependencies: 5
-- Name: SCHEMA public; Type: COMMENT; Schema: -; Owner: postgres
--

COMMENT ON SCHEMA public IS '';


SET default_tablespace = '';

SET default_table_access_method = heap;

--
-- TOC entry 224 (class 1259 OID 19869)
-- Name: auth_group; Type: TABLE; Schema: public; Owner: postgres
--

CREATE TABLE public.auth_group (
    id integer NOT NULL,
    name character varying(150) NOT NULL
);


ALTER TABLE public.auth_group OWNER TO postgres;

--
-- TOC entry 223 (class 1259 OID 19868)
-- Name: auth_group_id_seq; Type: SEQUENCE; Schema: public; Owner: postgres
--

ALTER TABLE public.auth_group ALTER COLUMN id ADD GENERATED BY DEFAULT AS IDENTITY (
    SEQUENCE NAME public.auth_group_id_seq
    START WITH 1
    INCREMENT BY 1
    NO MINVALUE
    NO MAXVALUE
    CACHE 1
);


--
-- TOC entry 226 (class 1259 OID 19877)
-- Name: auth_group_permissions; Type: TABLE; Schema: public; Owner: postgres
--

CREATE TABLE public.auth_group_permissions (
    id bigint NOT NULL,
    group_id integer NOT NULL,
    permission_id integer NOT NULL
);


ALTER TABLE public.auth_group_permissions OWNER TO postgres;

--
-- TOC entry 225 (class 1259 OID 19876)
-- Name: auth_group_permissions_id_seq; Type: SEQUENCE; Schema: public; Owner: postgres
--

ALTER TABLE public.auth_group_permissions ALTER COLUMN id ADD GENERATED BY DEFAULT AS IDENTITY (
    SEQUENCE NAME public.auth_group_permissions_id_seq
    START WITH 1
    INCREMENT BY 1
    NO MINVALUE
    NO MAXVALUE
    CACHE 1
);


--
-- TOC entry 222 (class 1259 OID 19863)
-- Name: auth_permission; Type: TABLE; Schema: public; Owner: postgres
--

CREATE TABLE public.auth_permission (
    id integer NOT NULL,
    name character varying(255) NOT NULL,
    content_type_id integer NOT NULL,
    codename character varying(100) NOT NULL
);


ALTER TABLE public.auth_permission OWNER TO postgres;

--
-- TOC entry 221 (class 1259 OID 19862)
-- Name: auth_permission_id_seq; Type: SEQUENCE; Schema: public; Owner: postgres
--

ALTER TABLE public.auth_permission ALTER COLUMN id ADD GENERATED BY DEFAULT AS IDENTITY (
    SEQUENCE NAME public.auth_permission_id_seq
    START WITH 1
    INCREMENT BY 1
    NO MINVALUE
    NO MAXVALUE
    CACHE 1
);


--
-- TOC entry 242 (class 1259 OID 20032)
-- Name: django_admin_log; Type: TABLE; Schema: public; Owner: postgres
--

CREATE TABLE public.django_admin_log (
    id integer NOT NULL,
    action_time timestamp with time zone NOT NULL,
    object_id text,
    object_repr character varying(200) NOT NULL,
    action_flag smallint NOT NULL,
    change_message text NOT NULL,
    content_type_id integer,
    user_id bigint NOT NULL,
    CONSTRAINT django_admin_log_action_flag_check CHECK ((action_flag >= 0))
);


ALTER TABLE public.django_admin_log OWNER TO postgres;

--
-- TOC entry 241 (class 1259 OID 20031)
-- Name: django_admin_log_id_seq; Type: SEQUENCE; Schema: public; Owner: postgres
--

ALTER TABLE public.django_admin_log ALTER COLUMN id ADD GENERATED BY DEFAULT AS IDENTITY (
    SEQUENCE NAME public.django_admin_log_id_seq
    START WITH 1
    INCREMENT BY 1
    NO MINVALUE
    NO MAXVALUE
    CACHE 1
);


--
-- TOC entry 220 (class 1259 OID 19855)
-- Name: django_content_type; Type: TABLE; Schema: public; Owner: postgres
--

CREATE TABLE public.django_content_type (
    id integer NOT NULL,
    app_label character varying(100) NOT NULL,
    model character varying(100) NOT NULL
);


ALTER TABLE public.django_content_type OWNER TO postgres;

--
-- TOC entry 219 (class 1259 OID 19854)
-- Name: django_content_type_id_seq; Type: SEQUENCE; Schema: public; Owner: postgres
--

ALTER TABLE public.django_content_type ALTER COLUMN id ADD GENERATED BY DEFAULT AS IDENTITY (
    SEQUENCE NAME public.django_content_type_id_seq
    START WITH 1
    INCREMENT BY 1
    NO MINVALUE
    NO MAXVALUE
    CACHE 1
);


--
-- TOC entry 218 (class 1259 OID 19847)
-- Name: django_migrations; Type: TABLE; Schema: public; Owner: postgres
--

CREATE TABLE public.django_migrations (
    id bigint NOT NULL,
    app character varying(255) NOT NULL,
    name character varying(255) NOT NULL,
    applied timestamp with time zone NOT NULL
);


ALTER TABLE public.django_migrations OWNER TO postgres;

--
-- TOC entry 217 (class 1259 OID 19846)
-- Name: django_migrations_id_seq; Type: SEQUENCE; Schema: public; Owner: postgres
--

ALTER TABLE public.django_migrations ALTER COLUMN id ADD GENERATED BY DEFAULT AS IDENTITY (
    SEQUENCE NAME public.django_migrations_id_seq
    START WITH 1
    INCREMENT BY 1
    NO MINVALUE
    NO MAXVALUE
    CACHE 1
);


--
-- TOC entry 243 (class 1259 OID 20098)
-- Name: django_session; Type: TABLE; Schema: public; Owner: postgres
--

CREATE TABLE public.django_session (
    session_key character varying(40) NOT NULL,
    session_data text NOT NULL,
    expire_date timestamp with time zone NOT NULL
);


ALTER TABLE public.django_session OWNER TO postgres;

--
-- TOC entry 228 (class 1259 OID 19909)
-- Name: shop_author; Type: TABLE; Schema: public; Owner: postgres
--

CREATE TABLE public.shop_author (
    id bigint NOT NULL,
    name character varying(255) NOT NULL
);


ALTER TABLE public.shop_author OWNER TO postgres;

--
-- TOC entry 227 (class 1259 OID 19908)
-- Name: shop_author_id_seq; Type: SEQUENCE; Schema: public; Owner: postgres
--

ALTER TABLE public.shop_author ALTER COLUMN id ADD GENERATED BY DEFAULT AS IDENTITY (
    SEQUENCE NAME public.shop_author_id_seq
    START WITH 1
    INCREMENT BY 1
    NO MINVALUE
    NO MAXVALUE
    CACHE 1
);


--
-- TOC entry 236 (class 1259 OID 19949)
-- Name: shop_book; Type: TABLE; Schema: public; Owner: postgres
--

CREATE TABLE public.shop_book (
    id bigint NOT NULL,
    name character varying(255) NOT NULL,
    date date NOT NULL,
    cost numeric(10,2) NOT NULL,
    count_pages integer NOT NULL,
    author_id bigint,
    publisher_id bigint
);


ALTER TABLE public.shop_book OWNER TO postgres;

--
-- TOC entry 235 (class 1259 OID 19948)
-- Name: shop_book_id_seq; Type: SEQUENCE; Schema: public; Owner: postgres
--

ALTER TABLE public.shop_book ALTER COLUMN id ADD GENERATED BY DEFAULT AS IDENTITY (
    SEQUENCE NAME public.shop_book_id_seq
    START WITH 1
    INCREMENT BY 1
    NO MINVALUE
    NO MAXVALUE
    CACHE 1
);


--
-- TOC entry 238 (class 1259 OID 19955)
-- Name: shop_booksgenre; Type: TABLE; Schema: public; Owner: postgres
--

CREATE TABLE public.shop_booksgenre (
    id bigint NOT NULL,
    book_id bigint NOT NULL,
    genre_id bigint NOT NULL
);


ALTER TABLE public.shop_booksgenre OWNER TO postgres;

--
-- TOC entry 237 (class 1259 OID 19954)
-- Name: shop_booksgenre_id_seq; Type: SEQUENCE; Schema: public; Owner: postgres
--

ALTER TABLE public.shop_booksgenre ALTER COLUMN id ADD GENERATED BY DEFAULT AS IDENTITY (
    SEQUENCE NAME public.shop_booksgenre_id_seq
    START WITH 1
    INCREMENT BY 1
    NO MINVALUE
    NO MAXVALUE
    CACHE 1
);


--
-- TOC entry 230 (class 1259 OID 19915)
-- Name: shop_genre; Type: TABLE; Schema: public; Owner: postgres
--

CREATE TABLE public.shop_genre (
    id bigint NOT NULL,
    name character varying(255) NOT NULL
);


ALTER TABLE public.shop_genre OWNER TO postgres;

--
-- TOC entry 229 (class 1259 OID 19914)
-- Name: shop_genre_id_seq; Type: SEQUENCE; Schema: public; Owner: postgres
--

ALTER TABLE public.shop_genre ALTER COLUMN id ADD GENERATED BY DEFAULT AS IDENTITY (
    SEQUENCE NAME public.shop_genre_id_seq
    START WITH 1
    INCREMENT BY 1
    NO MINVALUE
    NO MAXVALUE
    CACHE 1
);


--
-- TOC entry 240 (class 1259 OID 19961)
-- Name: shop_order; Type: TABLE; Schema: public; Owner: postgres
--

CREATE TABLE public.shop_order (
    id bigint NOT NULL,
    date timestamp with time zone NOT NULL,
    total_sum numeric(10,2) NOT NULL,
    is_paid boolean NOT NULL,
    book_id bigint NOT NULL,
    client_id bigint
);


ALTER TABLE public.shop_order OWNER TO postgres;

--
-- TOC entry 239 (class 1259 OID 19960)
-- Name: shop_order_id_seq; Type: SEQUENCE; Schema: public; Owner: postgres
--

ALTER TABLE public.shop_order ALTER COLUMN id ADD GENERATED BY DEFAULT AS IDENTITY (
    SEQUENCE NAME public.shop_order_id_seq
    START WITH 1
    INCREMENT BY 1
    NO MINVALUE
    NO MAXVALUE
    CACHE 1
);


--
-- TOC entry 232 (class 1259 OID 19921)
-- Name: shop_publisher; Type: TABLE; Schema: public; Owner: postgres
--

CREATE TABLE public.shop_publisher (
    id bigint NOT NULL,
    name character varying(255) NOT NULL
);


ALTER TABLE public.shop_publisher OWNER TO postgres;

--
-- TOC entry 231 (class 1259 OID 19920)
-- Name: shop_publisher_id_seq; Type: SEQUENCE; Schema: public; Owner: postgres
--

ALTER TABLE public.shop_publisher ALTER COLUMN id ADD GENERATED BY DEFAULT AS IDENTITY (
    SEQUENCE NAME public.shop_publisher_id_seq
    START WITH 1
    INCREMENT BY 1
    NO MINVALUE
    NO MAXVALUE
    CACHE 1
);


--
-- TOC entry 234 (class 1259 OID 19927)
-- Name: shop_user; Type: TABLE; Schema: public; Owner: postgres
--

CREATE TABLE public.shop_user (
    id bigint NOT NULL,
    first_name character varying(255) NOT NULL,
    last_name character varying(255) NOT NULL,
    phone_number character varying(12),
    email character varying(254) NOT NULL,
    password character varying(128) NOT NULL,
    is_staff boolean NOT NULL,
    date_joined timestamp with time zone NOT NULL,
    last_login timestamp with time zone,
    is_superuser boolean NOT NULL
);


ALTER TABLE public.shop_user OWNER TO postgres;

--
-- TOC entry 245 (class 1259 OID 20168)
-- Name: shop_user_groups; Type: TABLE; Schema: public; Owner: postgres
--

CREATE TABLE public.shop_user_groups (
    id bigint NOT NULL,
    user_id bigint NOT NULL,
    group_id integer NOT NULL
);


ALTER TABLE public.shop_user_groups OWNER TO postgres;

--
-- TOC entry 244 (class 1259 OID 20167)
-- Name: shop_user_groups_id_seq; Type: SEQUENCE; Schema: public; Owner: postgres
--

ALTER TABLE public.shop_user_groups ALTER COLUMN id ADD GENERATED BY DEFAULT AS IDENTITY (
    SEQUENCE NAME public.shop_user_groups_id_seq
    START WITH 1
    INCREMENT BY 1
    NO MINVALUE
    NO MAXVALUE
    CACHE 1
);


--
-- TOC entry 233 (class 1259 OID 19926)
-- Name: shop_user_id_seq; Type: SEQUENCE; Schema: public; Owner: postgres
--

ALTER TABLE public.shop_user ALTER COLUMN id ADD GENERATED BY DEFAULT AS IDENTITY (
    SEQUENCE NAME public.shop_user_id_seq
    START WITH 1
    INCREMENT BY 1
    NO MINVALUE
    NO MAXVALUE
    CACHE 1
);


--
-- TOC entry 247 (class 1259 OID 20174)
-- Name: shop_user_user_permissions; Type: TABLE; Schema: public; Owner: postgres
--

CREATE TABLE public.shop_user_user_permissions (
    id bigint NOT NULL,
    user_id bigint NOT NULL,
    permission_id integer NOT NULL
);


ALTER TABLE public.shop_user_user_permissions OWNER TO postgres;

--
-- TOC entry 246 (class 1259 OID 20173)
-- Name: shop_user_user_permissions_id_seq; Type: SEQUENCE; Schema: public; Owner: postgres
--

ALTER TABLE public.shop_user_user_permissions ALTER COLUMN id ADD GENERATED BY DEFAULT AS IDENTITY (
    SEQUENCE NAME public.shop_user_user_permissions_id_seq
    START WITH 1
    INCREMENT BY 1
    NO MINVALUE
    NO MAXVALUE
    CACHE 1
);


--
-- TOC entry 4951 (class 0 OID 19869)
-- Dependencies: 224
-- Data for Name: auth_group; Type: TABLE DATA; Schema: public; Owner: postgres
--

COPY public.auth_group (id, name) FROM stdin;
\.


--
-- TOC entry 4953 (class 0 OID 19877)
-- Dependencies: 226
-- Data for Name: auth_group_permissions; Type: TABLE DATA; Schema: public; Owner: postgres
--

COPY public.auth_group_permissions (id, group_id, permission_id) FROM stdin;
\.


--
-- TOC entry 4949 (class 0 OID 19863)
-- Dependencies: 222
-- Data for Name: auth_permission; Type: TABLE DATA; Schema: public; Owner: postgres
--

COPY public.auth_permission (id, name, content_type_id, codename) FROM stdin;
1	Can add log entry	1	add_logentry
2	Can change log entry	1	change_logentry
3	Can delete log entry	1	delete_logentry
4	Can view log entry	1	view_logentry
5	Can add permission	2	add_permission
6	Can change permission	2	change_permission
7	Can delete permission	2	delete_permission
8	Can view permission	2	view_permission
9	Can add group	3	add_group
10	Can change group	3	change_group
11	Can delete group	3	delete_group
12	Can view group	3	view_group
13	Can add content type	4	add_contenttype
14	Can change content type	4	change_contenttype
15	Can delete content type	4	delete_contenttype
16	Can view content type	4	view_contenttype
17	Can add session	5	add_session
18	Can change session	5	change_session
19	Can delete session	5	delete_session
20	Can view session	5	view_session
21	Can add Автор	6	add_author
22	Can change Автор	6	change_author
23	Can delete Автор	6	delete_author
24	Can view Автор	6	view_author
25	Can add Жанр	7	add_genre
26	Can change Жанр	7	change_genre
27	Can delete Жанр	7	delete_genre
28	Can view Жанр	7	view_genre
29	Can add Издательство	8	add_publisher
30	Can change Издательство	8	change_publisher
31	Can delete Издательство	8	delete_publisher
32	Can view Издательство	8	view_publisher
33	Can add Пользователь	9	add_user
34	Can change Пользователь	9	change_user
35	Can delete Пользователь	9	delete_user
36	Can view Пользователь	9	view_user
37	Can add Книга	10	add_book
38	Can change Книга	10	change_book
39	Can delete Книга	10	delete_book
40	Can view Книга	10	view_book
41	Can add Книга-Жанр	11	add_booksgenre
42	Can change Книга-Жанр	11	change_booksgenre
43	Can delete Книга-Жанр	11	delete_booksgenre
44	Can view Книга-Жанр	11	view_booksgenre
45	Can add Заказ	12	add_order
46	Can change Заказ	12	change_order
47	Can delete Заказ	12	delete_order
48	Can view Заказ	12	view_order
49	Can add Theme	13	add_theme
50	Can change Theme	13	change_theme
51	Can delete Theme	13	delete_theme
52	Can view Theme	13	view_theme
\.


--
-- TOC entry 4969 (class 0 OID 20032)
-- Dependencies: 242
-- Data for Name: django_admin_log; Type: TABLE DATA; Schema: public; Owner: postgres
--

COPY public.django_admin_log (id, action_time, object_id, object_repr, action_flag, change_message, content_type_id, user_id) FROM stdin;
1	2024-11-12 01:36:59.927003+03	1	kirill.com143@gmail.com	2	[{"changed": {"fields": ["First name", "Phone number"]}}]	9	1
2	2024-11-12 14:27:33.461087+03	3	user2@gmail.com	2	[{"changed": {"fields": ["Is staff"]}}]	9	1
3	2024-11-12 16:22:06.295052+03	6	Властелин колец: Братство кольца	1	[{"added": {}}]	10	1
4	2024-11-12 16:50:24.826959+03	11	Заказ от 2024-11-12 13:49:23.648040+00:00 - Оплачен	3		12	1
5	2024-11-12 19:40:50.418663+03	10	BooksGenre object (10)	1	[{"added": {}}]	11	1
6	2024-11-12 19:41:03.822092+03	11	BooksGenre object (11)	1	[{"added": {}}]	11	1
7	2024-11-12 19:45:13.520028+03	6	Джордж Оруэлл	1	[{"added": {}}]	6	1
8	2024-11-12 19:45:25.592564+03	6	Антиутопия	1	[{"added": {}}]	7	1
9	2024-11-12 19:46:25.358219+03	7	1984	1	[{"added": {}}]	10	1
10	2024-11-12 19:46:37.132942+03	12	BooksGenre object (12)	1	[{"added": {}}]	11	1
11	2024-11-12 19:46:47.411847+03	13	BooksGenre object (13)	1	[{"added": {}}]	11	1
12	2024-11-12 20:24:14.536199+03	12	Заказ от 2024-11-12 17:14:37.095306+00:00 - Оплачен	3		12	1
13	2024-11-17 16:01:00.612022+03	6	example123@gmail.com	3		9	1
14	2024-11-17 16:31:16.144633+03	5	user4@gmail.com	2	[{"changed": {"fields": ["Phone number"]}}]	9	1
15	2024-11-17 16:31:28.350654+03	4	user3@gmail.com	2	[{"changed": {"fields": ["Phone number"]}}]	9	1
16	2024-11-17 16:31:40.65925+03	3	user2@gmail.com	2	[{"changed": {"fields": ["Phone number"]}}]	9	1
17	2024-11-17 16:31:52.230413+03	2	user1@gmail.com	2	[{"changed": {"fields": ["Phone number"]}}]	9	1
18	2024-11-17 18:02:40.112815+03	7	example123@gmail.com	3		9	1
19	2024-11-17 18:20:13.803074+03	1	группа	1	[{"added": {}}]	3	1
20	2024-11-17 18:20:23.26068+03	1	группа	3		3	1
\.


--
-- TOC entry 4947 (class 0 OID 19855)
-- Dependencies: 220
-- Data for Name: django_content_type; Type: TABLE DATA; Schema: public; Owner: postgres
--

COPY public.django_content_type (id, app_label, model) FROM stdin;
1	admin	logentry
2	auth	permission
3	auth	group
4	contenttypes	contenttype
5	sessions	session
6	shop	author
7	shop	genre
8	shop	publisher
9	shop	user
10	shop	book
11	shop	booksgenre
12	shop	order
13	admin_interface	theme
\.


--
-- TOC entry 4945 (class 0 OID 19847)
-- Dependencies: 218
-- Data for Name: django_migrations; Type: TABLE DATA; Schema: public; Owner: postgres
--

COPY public.django_migrations (id, app, name, applied) FROM stdin;
1	contenttypes	0001_initial	2024-11-12 01:35:54.586793+03
2	contenttypes	0002_remove_content_type_name	2024-11-12 01:35:54.59178+03
3	auth	0001_initial	2024-11-12 01:35:54.616879+03
4	auth	0002_alter_permission_name_max_length	2024-11-12 01:35:54.620867+03
5	auth	0003_alter_user_email_max_length	2024-11-12 01:35:54.624818+03
6	auth	0004_alter_user_username_opts	2024-11-12 01:35:54.627637+03
7	auth	0005_alter_user_last_login_null	2024-11-12 01:35:54.631626+03
8	auth	0006_require_contenttypes_0002	2024-11-12 01:35:54.633594+03
9	auth	0007_alter_validators_add_error_messages	2024-11-12 01:35:54.637833+03
10	auth	0008_alter_user_username_max_length	2024-11-12 01:35:54.640825+03
11	auth	0009_alter_user_last_name_max_length	2024-11-12 01:35:54.643923+03
12	auth	0010_alter_group_name_max_length	2024-11-12 01:35:54.65088+03
13	auth	0011_update_proxy_permissions	2024-11-12 01:35:54.654869+03
14	auth	0012_alter_user_first_name_max_length	2024-11-12 01:35:54.658858+03
15	shop	0001_initial	2024-11-12 01:35:54.720319+03
16	admin	0001_initial	2024-11-12 01:35:54.736275+03
17	admin	0002_logentry_remove_auto_add	2024-11-12 01:35:54.74226+03
18	admin	0003_logentry_add_action_flag_choices	2024-11-12 01:35:54.74924+03
19	admin_interface	0001_initial	2024-11-12 01:35:54.755776+03
20	admin_interface	0002_add_related_modal	2024-11-12 01:35:54.767744+03
21	admin_interface	0003_add_logo_color	2024-11-12 01:35:54.772703+03
22	admin_interface	0004_rename_title_color	2024-11-12 01:35:54.775695+03
23	admin_interface	0005_add_recent_actions_visible	2024-11-12 01:35:54.778687+03
24	admin_interface	0006_bytes_to_str	2024-11-12 01:35:54.824599+03
25	admin_interface	0007_add_favicon	2024-11-12 01:35:54.828554+03
26	admin_interface	0008_change_related_modal_background_opacity_type	2024-11-12 01:35:54.833568+03
27	admin_interface	0009_add_enviroment	2024-11-12 01:35:54.839196+03
28	admin_interface	0010_add_localization	2024-11-12 01:35:54.852131+03
29	admin_interface	0011_add_environment_options	2024-11-12 01:35:54.867635+03
30	admin_interface	0012_update_verbose_names	2024-11-12 01:35:54.87162+03
31	admin_interface	0013_add_related_modal_close_button	2024-11-12 01:35:54.874915+03
32	admin_interface	0014_name_unique	2024-11-12 01:35:54.880901+03
33	admin_interface	0015_add_language_chooser_active	2024-11-12 01:35:54.885395+03
34	admin_interface	0016_add_language_chooser_display	2024-11-12 01:35:54.888822+03
35	admin_interface	0017_change_list_filter_dropdown	2024-11-12 01:35:54.891814+03
36	admin_interface	0018_theme_list_filter_sticky	2024-11-12 01:35:54.894806+03
37	admin_interface	0019_add_form_sticky	2024-11-12 01:35:54.901173+03
38	admin_interface	0020_module_selected_colors	2024-11-12 01:35:54.919302+03
39	admin_interface	0021_file_extension_validator	2024-11-12 01:35:54.924316+03
40	admin_interface	0022_add_logo_max_width_and_height	2024-11-12 01:35:54.93222+03
41	admin_interface	0023_theme_foldable_apps	2024-11-12 01:35:54.936894+03
42	admin_interface	0024_remove_theme_css	2024-11-12 01:35:54.939517+03
43	admin_interface	0025_theme_language_chooser_control	2024-11-12 01:35:54.94333+03
44	admin_interface	0026_theme_list_filter_highlight	2024-11-12 01:35:54.947286+03
45	admin_interface	0027_theme_list_filter_removal_links	2024-11-12 01:35:54.952272+03
46	admin_interface	0028_theme_show_fieldsets_as_tabs_and_more	2024-11-12 01:35:54.958256+03
47	admin_interface	0029_theme_css_generic_link_active_color	2024-11-12 01:35:54.961248+03
48	admin_interface	0030_theme_collapsible_stacked_inlines_and_more	2024-11-12 01:35:54.974318+03
49	sessions	0001_initial	2024-11-12 01:35:54.982269+03
50	shop	0002_alter_user_is_admin_alter_user_is_staff	2024-11-12 01:37:27.437572+03
51	shop	0003_alter_user_phone_number	2024-11-17 16:36:13.604292+03
52	shop	0004_alter_user_phone_number	2024-11-17 17:55:13.041111+03
53	shop	0005_alter_user_phone_number	2024-11-17 18:01:27.371579+03
54	shop	0002_remove_user_groups_remove_user_is_superuser_and_more	2024-11-17 18:26:49.693678+03
55	shop	0003_user_groups_user_is_superuser_user_user_permissions	2024-11-17 18:31:18.642007+03
56	shop	0004_remove_user_is_admin	2024-11-17 18:34:18.614649+03
57	shop	0005_remove_user_groups_remove_user_user_permissions_and_more	2024-11-17 18:38:36.325771+03
58	shop	0006_user_groups_user_user_permissions_and_more	2024-11-17 18:39:26.211736+03
\.


--
-- TOC entry 4970 (class 0 OID 20098)
-- Dependencies: 243
-- Data for Name: django_session; Type: TABLE DATA; Schema: public; Owner: postgres
--

COPY public.django_session (session_key, session_data, expire_date) FROM stdin;
\.


--
-- TOC entry 4955 (class 0 OID 19909)
-- Dependencies: 228
-- Data for Name: shop_author; Type: TABLE DATA; Schema: public; Owner: postgres
--

COPY public.shop_author (id, name) FROM stdin;
1	Дж.К. Роулинг
2	Джордж Р.Р. Мартин
3	Дж.Р.Р. Толкин
4	Айзек Азимов
5	Агата Кристи
6	Джордж Оруэлл
\.


--
-- TOC entry 4963 (class 0 OID 19949)
-- Dependencies: 236
-- Data for Name: shop_book; Type: TABLE DATA; Schema: public; Owner: postgres
--

COPY public.shop_book (id, name, date, cost, count_pages, author_id, publisher_id) FROM stdin;
1	Гарри Поттер и философский камень	1997-06-26	19.99	223	1	1
2	Игра престолов	1996-08-06	25.99	694	2	2
3	Хоббит	1937-09-21	15.99	310	3	3
4	Основание	1951-06-01	18.50	244	4	4
5	Убийство в Восточном экспрессе	1934-01-01	14.99	256	5	5
6	Властелин колец: Братство кольца	1954-07-29	24.99	423	3	1
7	1984	1949-06-08	22.99	328	6	1
\.


--
-- TOC entry 4965 (class 0 OID 19955)
-- Dependencies: 238
-- Data for Name: shop_booksgenre; Type: TABLE DATA; Schema: public; Owner: postgres
--

COPY public.shop_booksgenre (id, book_id, genre_id) FROM stdin;
1	1	1
2	1	5
3	2	1
4	2	4
5	3	1
6	3	4
7	4	2
8	5	3
9	5	5
10	6	1
11	6	3
12	7	6
13	7	2
\.


--
-- TOC entry 4957 (class 0 OID 19915)
-- Dependencies: 230
-- Data for Name: shop_genre; Type: TABLE DATA; Schema: public; Owner: postgres
--

COPY public.shop_genre (id, name) FROM stdin;
1	Фэнтези
2	Научная фантастика
3	Детектив
4	Историческая фантастика
5	Триллер
6	Антиутопия
\.


--
-- TOC entry 4967 (class 0 OID 19961)
-- Dependencies: 240
-- Data for Name: shop_order; Type: TABLE DATA; Schema: public; Owner: postgres
--

COPY public.shop_order (id, date, total_sum, is_paid, book_id, client_id) FROM stdin;
1	2024-10-01 10:00:00+03	19.99	t	1	3
2	2024-10-02 11:30:00+03	25.99	f	2	4
3	2024-10-03 09:45:00+03	15.99	t	3	5
5	2024-10-05 16:10:00+03	14.99	t	5	2
4	2024-10-04 14:20:00+03	18.50	t	4	1
7	2024-11-12 13:26:55.751604+03	25.99	t	2	3
8	2024-11-12 15:53:13.330248+03	19.99	t	1	1
13	2024-11-12 20:24:27.999609+03	15.99	t	3	1
15	2024-11-12 20:27:15.897595+03	22.99	t	7	1
16	2024-11-12 20:28:14.555174+03	24.99	t	6	2
17	2024-11-13 14:33:36.744068+03	25.99	t	2	2
19	2024-11-16 17:18:31.780016+03	24.99	f	6	1
20	2024-11-17 20:35:45.836069+03	14.99	f	5	1
\.


--
-- TOC entry 4959 (class 0 OID 19921)
-- Dependencies: 232
-- Data for Name: shop_publisher; Type: TABLE DATA; Schema: public; Owner: postgres
--

COPY public.shop_publisher (id, name) FROM stdin;
1	Пингвин Букс
2	ХарперКоллинз
3	Ашетт Бук Груп
4	Макмиллан Паблишерс
5	Саймон и Шустер
\.


--
-- TOC entry 4961 (class 0 OID 19927)
-- Dependencies: 234
-- Data for Name: shop_user; Type: TABLE DATA; Schema: public; Owner: postgres
--

COPY public.shop_user (id, first_name, last_name, phone_number, email, password, is_staff, date_joined, last_login, is_superuser) FROM stdin;
5	Марина	Гринёва	+44444444444	user4@gmail.com	pbkdf2_sha256$870000$TRKeISqxEAhqxMXYuJCKYr$oKEoHvkhMOAEd2eoOhM/goRk/euq7rHEuRk/n46Pk30=	f	2024-11-12 01:41:49+03	2024-11-12 19:34:31+03	f
4	Георгий	Хафизов	+33333333333	user3@gmail.com	pbkdf2_sha256$870000$kym2UMjGlvyKgEzhvZ5LDh$82n9BiFJ5NjwJU3aId466IdGzHAC94we6uec+qlRrqg=	f	2024-11-12 01:41:33+03	2024-11-12 19:34:21+03	f
1	Кирилл	Черкашин	+79803223165	kirill.com143@gmail.com	pbkdf2_sha256$870000$2QyiV37FNkgNeUbwsX9xCx$dcbembdQv72J49DF84kVSAGT79G5rddAGUl03PhXvk4=	t	2024-11-12 01:36:20+03	2024-11-17 20:32:20.663542+03	t
2	Кирилл	Орехов	+11111111111	user1@gmail.com	pbkdf2_sha256$870000$6huAn476Ryz7Hqpiwfa1Zr$4fJidEmhU8paWf57apTwi0+0Q43D5Muc3izIF+sXVk8=	f	2024-11-12 01:40:49+03	2024-11-17 20:42:13.476083+03	f
3	Андрей	Сапожников	+22222222222	user2@gmail.com	pbkdf2_sha256$870000$6nY1KV4V2W3OanMrQbADVR$OM6jkVcXFEj2RQdcj3CmRuXD4bEUWbcSA3crRAtxoHw=	t	2024-11-12 01:41:07+03	2024-11-17 20:43:09.134465+03	f
\.


--
-- TOC entry 4972 (class 0 OID 20168)
-- Dependencies: 245
-- Data for Name: shop_user_groups; Type: TABLE DATA; Schema: public; Owner: postgres
--

COPY public.shop_user_groups (id, user_id, group_id) FROM stdin;
\.


--
-- TOC entry 4974 (class 0 OID 20174)
-- Dependencies: 247
-- Data for Name: shop_user_user_permissions; Type: TABLE DATA; Schema: public; Owner: postgres
--

COPY public.shop_user_user_permissions (id, user_id, permission_id) FROM stdin;
\.


--
-- TOC entry 4982 (class 0 OID 0)
-- Dependencies: 223
-- Name: auth_group_id_seq; Type: SEQUENCE SET; Schema: public; Owner: postgres
--

SELECT pg_catalog.setval('public.auth_group_id_seq', 1, true);


--
-- TOC entry 4983 (class 0 OID 0)
-- Dependencies: 225
-- Name: auth_group_permissions_id_seq; Type: SEQUENCE SET; Schema: public; Owner: postgres
--

SELECT pg_catalog.setval('public.auth_group_permissions_id_seq', 1, false);


--
-- TOC entry 4984 (class 0 OID 0)
-- Dependencies: 221
-- Name: auth_permission_id_seq; Type: SEQUENCE SET; Schema: public; Owner: postgres
--

SELECT pg_catalog.setval('public.auth_permission_id_seq', 52, true);


--
-- TOC entry 4985 (class 0 OID 0)
-- Dependencies: 241
-- Name: django_admin_log_id_seq; Type: SEQUENCE SET; Schema: public; Owner: postgres
--

SELECT pg_catalog.setval('public.django_admin_log_id_seq', 20, true);


--
-- TOC entry 4986 (class 0 OID 0)
-- Dependencies: 219
-- Name: django_content_type_id_seq; Type: SEQUENCE SET; Schema: public; Owner: postgres
--

SELECT pg_catalog.setval('public.django_content_type_id_seq', 13, true);


--
-- TOC entry 4987 (class 0 OID 0)
-- Dependencies: 217
-- Name: django_migrations_id_seq; Type: SEQUENCE SET; Schema: public; Owner: postgres
--

SELECT pg_catalog.setval('public.django_migrations_id_seq', 58, true);


--
-- TOC entry 4988 (class 0 OID 0)
-- Dependencies: 227
-- Name: shop_author_id_seq; Type: SEQUENCE SET; Schema: public; Owner: postgres
--

SELECT pg_catalog.setval('public.shop_author_id_seq', 6, true);


--
-- TOC entry 4989 (class 0 OID 0)
-- Dependencies: 235
-- Name: shop_book_id_seq; Type: SEQUENCE SET; Schema: public; Owner: postgres
--

SELECT pg_catalog.setval('public.shop_book_id_seq', 7, true);


--
-- TOC entry 4990 (class 0 OID 0)
-- Dependencies: 237
-- Name: shop_booksgenre_id_seq; Type: SEQUENCE SET; Schema: public; Owner: postgres
--

SELECT pg_catalog.setval('public.shop_booksgenre_id_seq', 13, true);


--
-- TOC entry 4991 (class 0 OID 0)
-- Dependencies: 229
-- Name: shop_genre_id_seq; Type: SEQUENCE SET; Schema: public; Owner: postgres
--

SELECT pg_catalog.setval('public.shop_genre_id_seq', 6, true);


--
-- TOC entry 4992 (class 0 OID 0)
-- Dependencies: 239
-- Name: shop_order_id_seq; Type: SEQUENCE SET; Schema: public; Owner: postgres
--

SELECT pg_catalog.setval('public.shop_order_id_seq', 20, true);


--
-- TOC entry 4993 (class 0 OID 0)
-- Dependencies: 231
-- Name: shop_publisher_id_seq; Type: SEQUENCE SET; Schema: public; Owner: postgres
--

SELECT pg_catalog.setval('public.shop_publisher_id_seq', 5, true);


--
-- TOC entry 4994 (class 0 OID 0)
-- Dependencies: 244
-- Name: shop_user_groups_id_seq; Type: SEQUENCE SET; Schema: public; Owner: postgres
--

SELECT pg_catalog.setval('public.shop_user_groups_id_seq', 1, false);


--
-- TOC entry 4995 (class 0 OID 0)
-- Dependencies: 233
-- Name: shop_user_id_seq; Type: SEQUENCE SET; Schema: public; Owner: postgres
--

SELECT pg_catalog.setval('public.shop_user_id_seq', 7, true);


--
-- TOC entry 4996 (class 0 OID 0)
-- Dependencies: 246
-- Name: shop_user_user_permissions_id_seq; Type: SEQUENCE SET; Schema: public; Owner: postgres
--

SELECT pg_catalog.setval('public.shop_user_user_permissions_id_seq', 1, false);


--
-- TOC entry 4729 (class 2606 OID 19906)
-- Name: auth_group auth_group_name_key; Type: CONSTRAINT; Schema: public; Owner: postgres
--

ALTER TABLE ONLY public.auth_group
    ADD CONSTRAINT auth_group_name_key UNIQUE (name);


--
-- TOC entry 4734 (class 2606 OID 19892)
-- Name: auth_group_permissions auth_group_permissions_group_id_permission_id_0cd325b0_uniq; Type: CONSTRAINT; Schema: public; Owner: postgres
--

ALTER TABLE ONLY public.auth_group_permissions
    ADD CONSTRAINT auth_group_permissions_group_id_permission_id_0cd325b0_uniq UNIQUE (group_id, permission_id);


--
-- TOC entry 4737 (class 2606 OID 19881)
-- Name: auth_group_permissions auth_group_permissions_pkey; Type: CONSTRAINT; Schema: public; Owner: postgres
--

ALTER TABLE ONLY public.auth_group_permissions
    ADD CONSTRAINT auth_group_permissions_pkey PRIMARY KEY (id);


--
-- TOC entry 4731 (class 2606 OID 19873)
-- Name: auth_group auth_group_pkey; Type: CONSTRAINT; Schema: public; Owner: postgres
--

ALTER TABLE ONLY public.auth_group
    ADD CONSTRAINT auth_group_pkey PRIMARY KEY (id);


--
-- TOC entry 4724 (class 2606 OID 19883)
-- Name: auth_permission auth_permission_content_type_id_codename_01ab375a_uniq; Type: CONSTRAINT; Schema: public; Owner: postgres
--

ALTER TABLE ONLY public.auth_permission
    ADD CONSTRAINT auth_permission_content_type_id_codename_01ab375a_uniq UNIQUE (content_type_id, codename);


--
-- TOC entry 4726 (class 2606 OID 19867)
-- Name: auth_permission auth_permission_pkey; Type: CONSTRAINT; Schema: public; Owner: postgres
--

ALTER TABLE ONLY public.auth_permission
    ADD CONSTRAINT auth_permission_pkey PRIMARY KEY (id);


--
-- TOC entry 4766 (class 2606 OID 20039)
-- Name: django_admin_log django_admin_log_pkey; Type: CONSTRAINT; Schema: public; Owner: postgres
--

ALTER TABLE ONLY public.django_admin_log
    ADD CONSTRAINT django_admin_log_pkey PRIMARY KEY (id);


--
-- TOC entry 4719 (class 2606 OID 19861)
-- Name: django_content_type django_content_type_app_label_model_76bd3d3b_uniq; Type: CONSTRAINT; Schema: public; Owner: postgres
--

ALTER TABLE ONLY public.django_content_type
    ADD CONSTRAINT django_content_type_app_label_model_76bd3d3b_uniq UNIQUE (app_label, model);


--
-- TOC entry 4721 (class 2606 OID 19859)
-- Name: django_content_type django_content_type_pkey; Type: CONSTRAINT; Schema: public; Owner: postgres
--

ALTER TABLE ONLY public.django_content_type
    ADD CONSTRAINT django_content_type_pkey PRIMARY KEY (id);


--
-- TOC entry 4717 (class 2606 OID 19853)
-- Name: django_migrations django_migrations_pkey; Type: CONSTRAINT; Schema: public; Owner: postgres
--

ALTER TABLE ONLY public.django_migrations
    ADD CONSTRAINT django_migrations_pkey PRIMARY KEY (id);


--
-- TOC entry 4770 (class 2606 OID 20104)
-- Name: django_session django_session_pkey; Type: CONSTRAINT; Schema: public; Owner: postgres
--

ALTER TABLE ONLY public.django_session
    ADD CONSTRAINT django_session_pkey PRIMARY KEY (session_key);


--
-- TOC entry 4739 (class 2606 OID 19913)
-- Name: shop_author shop_author_pkey; Type: CONSTRAINT; Schema: public; Owner: postgres
--

ALTER TABLE ONLY public.shop_author
    ADD CONSTRAINT shop_author_pkey PRIMARY KEY (id);


--
-- TOC entry 4754 (class 2606 OID 19953)
-- Name: shop_book shop_book_pkey; Type: CONSTRAINT; Schema: public; Owner: postgres
--

ALTER TABLE ONLY public.shop_book
    ADD CONSTRAINT shop_book_pkey PRIMARY KEY (id);


--
-- TOC entry 4759 (class 2606 OID 19959)
-- Name: shop_booksgenre shop_booksgenre_pkey; Type: CONSTRAINT; Schema: public; Owner: postgres
--

ALTER TABLE ONLY public.shop_booksgenre
    ADD CONSTRAINT shop_booksgenre_pkey PRIMARY KEY (id);


--
-- TOC entry 4741 (class 2606 OID 19919)
-- Name: shop_genre shop_genre_pkey; Type: CONSTRAINT; Schema: public; Owner: postgres
--

ALTER TABLE ONLY public.shop_genre
    ADD CONSTRAINT shop_genre_pkey PRIMARY KEY (id);


--
-- TOC entry 4763 (class 2606 OID 19965)
-- Name: shop_order shop_order_pkey; Type: CONSTRAINT; Schema: public; Owner: postgres
--

ALTER TABLE ONLY public.shop_order
    ADD CONSTRAINT shop_order_pkey PRIMARY KEY (id);


--
-- TOC entry 4743 (class 2606 OID 19925)
-- Name: shop_publisher shop_publisher_pkey; Type: CONSTRAINT; Schema: public; Owner: postgres
--

ALTER TABLE ONLY public.shop_publisher
    ADD CONSTRAINT shop_publisher_pkey PRIMARY KEY (id);


--
-- TOC entry 4746 (class 2606 OID 19935)
-- Name: shop_user shop_user_email_key; Type: CONSTRAINT; Schema: public; Owner: postgres
--

ALTER TABLE ONLY public.shop_user
    ADD CONSTRAINT shop_user_email_key UNIQUE (email);


--
-- TOC entry 4774 (class 2606 OID 20172)
-- Name: shop_user_groups shop_user_groups_pkey; Type: CONSTRAINT; Schema: public; Owner: postgres
--

ALTER TABLE ONLY public.shop_user_groups
    ADD CONSTRAINT shop_user_groups_pkey PRIMARY KEY (id);


--
-- TOC entry 4777 (class 2606 OID 20180)
-- Name: shop_user_groups shop_user_groups_user_id_group_id_29c349c0_uniq; Type: CONSTRAINT; Schema: public; Owner: postgres
--

ALTER TABLE ONLY public.shop_user_groups
    ADD CONSTRAINT shop_user_groups_user_id_group_id_29c349c0_uniq UNIQUE (user_id, group_id);


--
-- TOC entry 4749 (class 2606 OID 20118)
-- Name: shop_user shop_user_phone_number_53dcdacc_uniq; Type: CONSTRAINT; Schema: public; Owner: postgres
--

ALTER TABLE ONLY public.shop_user
    ADD CONSTRAINT shop_user_phone_number_53dcdacc_uniq UNIQUE (phone_number);


--
-- TOC entry 4751 (class 2606 OID 19933)
-- Name: shop_user shop_user_pkey; Type: CONSTRAINT; Schema: public; Owner: postgres
--

ALTER TABLE ONLY public.shop_user
    ADD CONSTRAINT shop_user_pkey PRIMARY KEY (id);


--
-- TOC entry 4780 (class 2606 OID 20178)
-- Name: shop_user_user_permissions shop_user_user_permissions_pkey; Type: CONSTRAINT; Schema: public; Owner: postgres
--

ALTER TABLE ONLY public.shop_user_user_permissions
    ADD CONSTRAINT shop_user_user_permissions_pkey PRIMARY KEY (id);


--
-- TOC entry 4783 (class 2606 OID 20194)
-- Name: shop_user_user_permissions shop_user_user_permissions_user_id_permission_id_8836bbbf_uniq; Type: CONSTRAINT; Schema: public; Owner: postgres
--

ALTER TABLE ONLY public.shop_user_user_permissions
    ADD CONSTRAINT shop_user_user_permissions_user_id_permission_id_8836bbbf_uniq UNIQUE (user_id, permission_id);


--
-- TOC entry 4727 (class 1259 OID 19907)
-- Name: auth_group_name_a6ea08ec_like; Type: INDEX; Schema: public; Owner: postgres
--

CREATE INDEX auth_group_name_a6ea08ec_like ON public.auth_group USING btree (name varchar_pattern_ops);


--
-- TOC entry 4732 (class 1259 OID 19903)
-- Name: auth_group_permissions_group_id_b120cbf9; Type: INDEX; Schema: public; Owner: postgres
--

CREATE INDEX auth_group_permissions_group_id_b120cbf9 ON public.auth_group_permissions USING btree (group_id);


--
-- TOC entry 4735 (class 1259 OID 19904)
-- Name: auth_group_permissions_permission_id_84c5c92e; Type: INDEX; Schema: public; Owner: postgres
--

CREATE INDEX auth_group_permissions_permission_id_84c5c92e ON public.auth_group_permissions USING btree (permission_id);


--
-- TOC entry 4722 (class 1259 OID 19889)
-- Name: auth_permission_content_type_id_2f476e4b; Type: INDEX; Schema: public; Owner: postgres
--

CREATE INDEX auth_permission_content_type_id_2f476e4b ON public.auth_permission USING btree (content_type_id);


--
-- TOC entry 4764 (class 1259 OID 20050)
-- Name: django_admin_log_content_type_id_c4bce8eb; Type: INDEX; Schema: public; Owner: postgres
--

CREATE INDEX django_admin_log_content_type_id_c4bce8eb ON public.django_admin_log USING btree (content_type_id);


--
-- TOC entry 4767 (class 1259 OID 20051)
-- Name: django_admin_log_user_id_c564eba6; Type: INDEX; Schema: public; Owner: postgres
--

CREATE INDEX django_admin_log_user_id_c564eba6 ON public.django_admin_log USING btree (user_id);


--
-- TOC entry 4768 (class 1259 OID 20106)
-- Name: django_session_expire_date_a5c62663; Type: INDEX; Schema: public; Owner: postgres
--

CREATE INDEX django_session_expire_date_a5c62663 ON public.django_session USING btree (expire_date);


--
-- TOC entry 4771 (class 1259 OID 20105)
-- Name: django_session_session_key_c0390e0f_like; Type: INDEX; Schema: public; Owner: postgres
--

CREATE INDEX django_session_session_key_c0390e0f_like ON public.django_session USING btree (session_key varchar_pattern_ops);


--
-- TOC entry 4752 (class 1259 OID 20005)
-- Name: shop_book_author_id_82b8ab51; Type: INDEX; Schema: public; Owner: postgres
--

CREATE INDEX shop_book_author_id_82b8ab51 ON public.shop_book USING btree (author_id);


--
-- TOC entry 4755 (class 1259 OID 20006)
-- Name: shop_book_publisher_id_04743c27; Type: INDEX; Schema: public; Owner: postgres
--

CREATE INDEX shop_book_publisher_id_04743c27 ON public.shop_book USING btree (publisher_id);


--
-- TOC entry 4756 (class 1259 OID 20017)
-- Name: shop_booksgenre_book_id_93d5e424; Type: INDEX; Schema: public; Owner: postgres
--

CREATE INDEX shop_booksgenre_book_id_93d5e424 ON public.shop_booksgenre USING btree (book_id);


--
-- TOC entry 4757 (class 1259 OID 20018)
-- Name: shop_booksgenre_genre_id_2e44f167; Type: INDEX; Schema: public; Owner: postgres
--

CREATE INDEX shop_booksgenre_genre_id_2e44f167 ON public.shop_booksgenre USING btree (genre_id);


--
-- TOC entry 4760 (class 1259 OID 20029)
-- Name: shop_order_book_id_2ea39165; Type: INDEX; Schema: public; Owner: postgres
--

CREATE INDEX shop_order_book_id_2ea39165 ON public.shop_order USING btree (book_id);


--
-- TOC entry 4761 (class 1259 OID 20030)
-- Name: shop_order_client_id_5ef2b3ba; Type: INDEX; Schema: public; Owner: postgres
--

CREATE INDEX shop_order_client_id_5ef2b3ba ON public.shop_order USING btree (client_id);


--
-- TOC entry 4744 (class 1259 OID 19966)
-- Name: shop_user_email_2e06710f_like; Type: INDEX; Schema: public; Owner: postgres
--

CREATE INDEX shop_user_email_2e06710f_like ON public.shop_user USING btree (email varchar_pattern_ops);


--
-- TOC entry 4772 (class 1259 OID 20192)
-- Name: shop_user_groups_group_id_bf3fb67c; Type: INDEX; Schema: public; Owner: postgres
--

CREATE INDEX shop_user_groups_group_id_bf3fb67c ON public.shop_user_groups USING btree (group_id);


--
-- TOC entry 4775 (class 1259 OID 20191)
-- Name: shop_user_groups_user_id_252129d6; Type: INDEX; Schema: public; Owner: postgres
--

CREATE INDEX shop_user_groups_user_id_252129d6 ON public.shop_user_groups USING btree (user_id);


--
-- TOC entry 4747 (class 1259 OID 20119)
-- Name: shop_user_phone_number_53dcdacc_like; Type: INDEX; Schema: public; Owner: postgres
--

CREATE INDEX shop_user_phone_number_53dcdacc_like ON public.shop_user USING btree (phone_number varchar_pattern_ops);


--
-- TOC entry 4778 (class 1259 OID 20206)
-- Name: shop_user_user_permissions_permission_id_ace4643b; Type: INDEX; Schema: public; Owner: postgres
--

CREATE INDEX shop_user_user_permissions_permission_id_ace4643b ON public.shop_user_user_permissions USING btree (permission_id);


--
-- TOC entry 4781 (class 1259 OID 20205)
-- Name: shop_user_user_permissions_user_id_d5f91630; Type: INDEX; Schema: public; Owner: postgres
--

CREATE INDEX shop_user_user_permissions_user_id_d5f91630 ON public.shop_user_user_permissions USING btree (user_id);


--
-- TOC entry 4785 (class 2606 OID 19898)
-- Name: auth_group_permissions auth_group_permissio_permission_id_84c5c92e_fk_auth_perm; Type: FK CONSTRAINT; Schema: public; Owner: postgres
--

ALTER TABLE ONLY public.auth_group_permissions
    ADD CONSTRAINT auth_group_permissio_permission_id_84c5c92e_fk_auth_perm FOREIGN KEY (permission_id) REFERENCES public.auth_permission(id) DEFERRABLE INITIALLY DEFERRED;


--
-- TOC entry 4786 (class 2606 OID 19893)
-- Name: auth_group_permissions auth_group_permissions_group_id_b120cbf9_fk_auth_group_id; Type: FK CONSTRAINT; Schema: public; Owner: postgres
--

ALTER TABLE ONLY public.auth_group_permissions
    ADD CONSTRAINT auth_group_permissions_group_id_b120cbf9_fk_auth_group_id FOREIGN KEY (group_id) REFERENCES public.auth_group(id) DEFERRABLE INITIALLY DEFERRED;


--
-- TOC entry 4784 (class 2606 OID 19884)
-- Name: auth_permission auth_permission_content_type_id_2f476e4b_fk_django_co; Type: FK CONSTRAINT; Schema: public; Owner: postgres
--

ALTER TABLE ONLY public.auth_permission
    ADD CONSTRAINT auth_permission_content_type_id_2f476e4b_fk_django_co FOREIGN KEY (content_type_id) REFERENCES public.django_content_type(id) DEFERRABLE INITIALLY DEFERRED;


--
-- TOC entry 4793 (class 2606 OID 20040)
-- Name: django_admin_log django_admin_log_content_type_id_c4bce8eb_fk_django_co; Type: FK CONSTRAINT; Schema: public; Owner: postgres
--

ALTER TABLE ONLY public.django_admin_log
    ADD CONSTRAINT django_admin_log_content_type_id_c4bce8eb_fk_django_co FOREIGN KEY (content_type_id) REFERENCES public.django_content_type(id) DEFERRABLE INITIALLY DEFERRED;


--
-- TOC entry 4794 (class 2606 OID 20045)
-- Name: django_admin_log django_admin_log_user_id_c564eba6_fk_shop_user_id; Type: FK CONSTRAINT; Schema: public; Owner: postgres
--

ALTER TABLE ONLY public.django_admin_log
    ADD CONSTRAINT django_admin_log_user_id_c564eba6_fk_shop_user_id FOREIGN KEY (user_id) REFERENCES public.shop_user(id) DEFERRABLE INITIALLY DEFERRED;


--
-- TOC entry 4787 (class 2606 OID 19995)
-- Name: shop_book shop_book_author_id_82b8ab51_fk_shop_author_id; Type: FK CONSTRAINT; Schema: public; Owner: postgres
--

ALTER TABLE ONLY public.shop_book
    ADD CONSTRAINT shop_book_author_id_82b8ab51_fk_shop_author_id FOREIGN KEY (author_id) REFERENCES public.shop_author(id) DEFERRABLE INITIALLY DEFERRED;


--
-- TOC entry 4788 (class 2606 OID 20000)
-- Name: shop_book shop_book_publisher_id_04743c27_fk_shop_publisher_id; Type: FK CONSTRAINT; Schema: public; Owner: postgres
--

ALTER TABLE ONLY public.shop_book
    ADD CONSTRAINT shop_book_publisher_id_04743c27_fk_shop_publisher_id FOREIGN KEY (publisher_id) REFERENCES public.shop_publisher(id) DEFERRABLE INITIALLY DEFERRED;


--
-- TOC entry 4789 (class 2606 OID 20007)
-- Name: shop_booksgenre shop_booksgenre_book_id_93d5e424_fk_shop_book_id; Type: FK CONSTRAINT; Schema: public; Owner: postgres
--

ALTER TABLE ONLY public.shop_booksgenre
    ADD CONSTRAINT shop_booksgenre_book_id_93d5e424_fk_shop_book_id FOREIGN KEY (book_id) REFERENCES public.shop_book(id) DEFERRABLE INITIALLY DEFERRED;


--
-- TOC entry 4790 (class 2606 OID 20012)
-- Name: shop_booksgenre shop_booksgenre_genre_id_2e44f167_fk_shop_genre_id; Type: FK CONSTRAINT; Schema: public; Owner: postgres
--

ALTER TABLE ONLY public.shop_booksgenre
    ADD CONSTRAINT shop_booksgenre_genre_id_2e44f167_fk_shop_genre_id FOREIGN KEY (genre_id) REFERENCES public.shop_genre(id) DEFERRABLE INITIALLY DEFERRED;


--
-- TOC entry 4791 (class 2606 OID 20019)
-- Name: shop_order shop_order_book_id_2ea39165_fk_shop_book_id; Type: FK CONSTRAINT; Schema: public; Owner: postgres
--

ALTER TABLE ONLY public.shop_order
    ADD CONSTRAINT shop_order_book_id_2ea39165_fk_shop_book_id FOREIGN KEY (book_id) REFERENCES public.shop_book(id) DEFERRABLE INITIALLY DEFERRED;


--
-- TOC entry 4792 (class 2606 OID 20024)
-- Name: shop_order shop_order_client_id_5ef2b3ba_fk_shop_user_id; Type: FK CONSTRAINT; Schema: public; Owner: postgres
--

ALTER TABLE ONLY public.shop_order
    ADD CONSTRAINT shop_order_client_id_5ef2b3ba_fk_shop_user_id FOREIGN KEY (client_id) REFERENCES public.shop_user(id) DEFERRABLE INITIALLY DEFERRED;


--
-- TOC entry 4795 (class 2606 OID 20186)
-- Name: shop_user_groups shop_user_groups_group_id_bf3fb67c_fk_auth_group_id; Type: FK CONSTRAINT; Schema: public; Owner: postgres
--

ALTER TABLE ONLY public.shop_user_groups
    ADD CONSTRAINT shop_user_groups_group_id_bf3fb67c_fk_auth_group_id FOREIGN KEY (group_id) REFERENCES public.auth_group(id) DEFERRABLE INITIALLY DEFERRED;


--
-- TOC entry 4796 (class 2606 OID 20181)
-- Name: shop_user_groups shop_user_groups_user_id_252129d6_fk_shop_user_id; Type: FK CONSTRAINT; Schema: public; Owner: postgres
--

ALTER TABLE ONLY public.shop_user_groups
    ADD CONSTRAINT shop_user_groups_user_id_252129d6_fk_shop_user_id FOREIGN KEY (user_id) REFERENCES public.shop_user(id) DEFERRABLE INITIALLY DEFERRED;


--
-- TOC entry 4797 (class 2606 OID 20200)
-- Name: shop_user_user_permissions shop_user_user_permi_permission_id_ace4643b_fk_auth_perm; Type: FK CONSTRAINT; Schema: public; Owner: postgres
--

ALTER TABLE ONLY public.shop_user_user_permissions
    ADD CONSTRAINT shop_user_user_permi_permission_id_ace4643b_fk_auth_perm FOREIGN KEY (permission_id) REFERENCES public.auth_permission(id) DEFERRABLE INITIALLY DEFERRED;


--
-- TOC entry 4798 (class 2606 OID 20195)
-- Name: shop_user_user_permissions shop_user_user_permissions_user_id_d5f91630_fk_shop_user_id; Type: FK CONSTRAINT; Schema: public; Owner: postgres
--

ALTER TABLE ONLY public.shop_user_user_permissions
    ADD CONSTRAINT shop_user_user_permissions_user_id_d5f91630_fk_shop_user_id FOREIGN KEY (user_id) REFERENCES public.shop_user(id) DEFERRABLE INITIALLY DEFERRED;


--
-- TOC entry 4981 (class 0 OID 0)
-- Dependencies: 5
-- Name: SCHEMA public; Type: ACL; Schema: -; Owner: postgres
--

REVOKE USAGE ON SCHEMA public FROM PUBLIC;


-- Completed on 2024-11-17 22:50:35

--
-- PostgreSQL database dump complete
--

